username,password
user_test1,user_test1
user_test3,user_test2
user_test2,user_test3
user_test4,user_test4
user_test5,user_test5
user_test6,user_test6
user_test7,user_test7
user_test8,user_test8
user_test9,user_test9
user_test10,user_test10
user_test11,user_test11
user_test12,user_test12
user_test13,user_test13
user_test14,user_test14
user_test15,user_test15
user_test16,user_test16
user_test17,user_test17
user_test18,user_test18
user_test19,user_test19
user_test20,user_test20
user_test21,user_test21
user_test22,user_test22
user_test23,user_test23
user_test24,user_test24
user_test25,user_test25
user_test26,user_test26
user_test27,user_test27
user_test28,user_test28
user_test29,user_test29
user_test30,user_test30